{
  "IcoMoonType": "selection",
  "icons": [
    {
      "icon": {
        "paths": [
          "M256 307.2h512l-256 460.8-256-460.8z"
        ],
        "attrs": [],
        "isMulticolor": false,
        "isMulticolor2": false,
        "tags": [
          "triangle-down"
        ],
        "grid": 20
      },
      "attrs": [],
      "properties": {
        "id": 81,
        "order": 35,
        "prevSize": 20,
        "name": "triangle-down"
      },
      "setIdx": 0,
      "setId": 5,
      "iconIdx": 80
    },
    {
      "icon": {
        "paths": [
          "M716.8 256v512l-460.8-256 460.8-256z"
        ],
        "attrs": [],
        "isMulticolor": false,
        "isMulticolor2": false,
        "tags": [
          "triangle-left"
        ],
        "grid": 20
      },
      "attrs": [],
      "properties": {
        "id": 82,
        "order": 33,
        "prevSize": 20,
        "name": "triangle-left"
      },
      "setIdx": 0,
      "setId": 5,
      "iconIdx": 81
    },
    {
      "icon": {
        "paths": [
          "M768 512l-460.8 256v-512l460.8 256z"
        ],
        "attrs": [],
        "isMulticolor": false,
        "isMulticolor2": false,
        "tags": [
          "triangle-right"
        ],
        "grid": 20
      },
      "attrs": [],
      "properties": {
        "id": 83,
        "order": 32,
        "prevSize": 20,
        "name": "triangle-right"
      },
      "setIdx": 0,
      "setId": 5,
      "iconIdx": 82
    },
    {
      "icon": {
        "paths": [
          "M768 716.8h-512l256-460.8 256 460.8z"
        ],
        "attrs": [],
        "isMulticolor": false,
        "isMulticolor2": false,
        "tags": [
          "triangle-up"
        ],
        "grid": 20
      },
      "attrs": [],
      "properties": {
        "id": 84,
        "order": 34,
        "prevSize": 20,
        "name": "triangle-up"
      },
      "setIdx": 0,
      "setId": 5,
      "iconIdx": 83
    },
    {
      "icon": {
        "paths": [
          "M924.672 99.379c-30.003-30.003-58.573-1.69-155.699 45.005-259.84 124.877-712.653 378.675-712.653 378.675l389.069 55.501 55.552 389.069c0 0 253.85-452.762 378.675-712.499 46.694-97.178 75.008-125.747 45.056-155.75zM831.283 199.475l-282.573 524.646-28.723-238.336 311.296-286.31z"
        ],
        "attrs": [],
        "isMulticolor": false,
        "isMulticolor2": false,
        "tags": [
          "direction"
        ],
        "grid": 20
      },
      "attrs": [],
      "properties": {
        "id": 148,
        "order": 31,
        "prevSize": 20,
        "name": "direction"
      },
      "setIdx": 0,
      "setId": 5,
      "iconIdx": 147
    },
    {
      "icon": {
        "paths": [
          "M972.8 512l-307.2-256v153.6h-358.4v204.8h358.4v153.6l307.2-256zM153.6 153.6h409.6v-102.4h-409.6c-56.32 0-102.4 46.080-102.4 102.4v716.8c0 56.32 46.080 102.4 102.4 102.4h409.6v-102.4h-409.6v-716.8z"
        ],
        "attrs": [],
        "isMulticolor": false,
        "isMulticolor2": false,
        "tags": [
          "log-out"
        ],
        "grid": 20
      },
      "attrs": [],
      "properties": {
        "id": 214,
        "order": 30,
        "prevSize": 20,
        "name": "log-out"
      },
      "setIdx": 0,
      "setId": 5,
      "iconIdx": 213
    },
    {
      "icon": {
        "paths": [
          "M716.8 512l-307.2-256v153.6h-358.4v204.8h358.4v153.6l307.2-256zM870.4 870.4h-409.6v102.4h409.6c56.32 0 102.4-46.080 102.4-102.4v-716.8c0-56.32-46.080-102.4-102.4-102.4h-409.6v102.4h409.6v716.8z"
        ],
        "attrs": [],
        "isMulticolor": false,
        "isMulticolor2": false,
        "tags": [
          "login"
        ],
        "grid": 20
      },
      "attrs": [],
      "properties": {
        "id": 215,
        "order": 29,
        "prevSize": 20,
        "name": "login"
      },
      "setIdx": 0,
      "setId": 5,
      "iconIdx": 214
    },
    {
      "icon": {
        "paths": [
          "M962.56 410.726h-328.346l-122.214-344.166-122.317 344.166h-328.294l267.878 202.086-95.795 354.765 278.528-212.685 278.426 212.685-95.693-354.765 267.827-202.086zM512 654.49l-154.317 128 63.642-182.374-145.971-117.76 180.326 5.171 56.32-206.848 56.269 206.848 180.275-5.171-145.971 117.76 63.642 182.374-154.214-128z"
        ],
        "attrs": [],
        "isMulticolor": false,
        "isMulticolor2": false,
        "tags": [
          "star-outlined"
        ],
        "grid": 20
      },
      "attrs": [],
      "properties": {
        "id": 285,
        "order": 36,
        "prevSize": 20,
        "name": "star-outlined"
      },
      "setIdx": 0,
      "setId": 5,
      "iconIdx": 284
    }
  ],
  "height": 1024,
  "preferences": {
    "showGlyphs": true,
    "showQuickUse": true,
    "showQuickUse2": true,
    "showSVGs": true,
    "fontPref": {
      "prefix": "icon-",
      "metadata": {
        "fontFamily": "icomoon",
        "majorVersion": 1,
        "minorVersion": 0
      },
      "metrics": {
        "emSize": 1024,
        "baseline": 6.25,
        "whitespace": 50
      },
      "embed": false
    },
    "imagePref": {
      "prefix": "icon-",
      "png": false,
      "useClassSelector": true,
      "color": 0,
      "bgColor": 16777215,
      "classSelector": ".icon",
      "name": "icomoon",
      "height": 32,
      "columns": 16,
      "margin": 16
    },
    "historySize": 50,
    "showCodes": true,
    "gridSize": 16
  }
}